,name,port_id,lat_port,lon_port,iso2,h3_5
119,Agnesberg,2321,57.7856,12.0076,se,599526696999190527
714,Agnesberg,2321,57.7856,12.0076,se,599526657270743039
715,Agnesberg,2321,57.7856,12.0076,se,599526664786935807
716,Agnesberg,2321,57.7856,12.0076,se,599526701294157823
717,Agnesberg,2321,57.7856,12.0076,se,599526694851706879
718,Agnesberg,2321,57.7856,12.0076,se,599526698072932351
719,Agnesberg,2321,57.7856,12.0076,se,599526652975775743
126,BERGKVARA,9238,56.3832,16.0831,se,599526904231362559
756,BERGKVARA,9238,56.3832,16.0831,se,599526872019107839
757,BERGKVARA,9238,56.3832,16.0831,se,599526984761999359
758,BERGKVARA,9238,56.3832,16.0831,se,599526901010137087
759,BERGKVARA,9238,56.3832,16.0831,se,599526902083878911
760,BERGKVARA,9238,56.3832,16.0831,se,599526870945366015
761,BERGKVARA,9238,56.3832,16.0831,se,599526903157620735
10,BOHUS,8763428,57.824,12.016124,se,599526696999190527
60,BOHUS,8763428,57.824,12.016124,se,599526657270743039
61,BOHUS,8763428,57.824,12.016124,se,599526664786935807
62,BOHUS,8763428,57.824,12.016124,se,599526701294157823
63,BOHUS,8763428,57.824,12.016124,se,599526694851706879
64,BOHUS,8763428,57.824,12.016124,se,599526698072932351
65,BOHUS,8763428,57.824,12.016124,se,599526652975775743
124,BROFJORDEN,4219,58.35,11.416492,se,599147690831380479
744,BROFJORDEN,4219,58.35,11.416492,se,599147692978864127
745,BROFJORDEN,4219,58.35,11.416492,se,599131899310374911
746,BROFJORDEN,4219,58.35,11.416492,se,599147695126347775
747,BROFJORDEN,4219,58.35,11.416492,se,599147674725253119
748,BROFJORDEN,4219,58.35,11.416492,se,599147689757638655
749,BROFJORDEN,4219,58.35,11.416492,se,599131897162891263
123,BÅLSTA,4949,59.5833,17.504,se,599128698485997567
738,BÅLSTA,4949,59.5833,17.504,se,599128700633481215
739,BÅLSTA,4949,59.5833,17.504,se,599128712444641279
740,BÅLSTA,4949,59.5833,17.504,se,599128702780964863
741,BÅLSTA,4949,59.5833,17.504,se,599128742509412351
742,BÅLSTA,4949,59.5833,17.504,se,599128697412255743
743,BÅLSTA,4949,59.5833,17.504,se,599128710297157631
125,DEGERHAMN,9557327,56.3501248,16.4168,se,599526980467032063
750,DEGERHAMN,9557327,56.3501248,16.4168,se,599526872019107839
751,DEGERHAMN,9557327,56.3501248,16.4168,se,599526948254777343
752,DEGERHAMN,9557327,56.3501248,16.4168,se,599526984761999359
753,DEGERHAMN,9557327,56.3501248,16.4168,se,599526978319548415
754,DEGERHAMN,9557327,56.3501248,16.4168,se,599526981540773887
755,DEGERHAMN,9557327,56.3501248,16.4168,se,599526867724140543
148,Eckerö,747712,60.229,19.5421,fi,599128532056014847
888,Eckerö,747712,60.229,19.5421,fi,599128314086424575
889,Eckerö,747712,60.229,19.5421,fi,599128548162142207
890,Eckerö,747712,60.229,19.5421,fi,599128311938940927
891,Eckerö,747712,60.229,19.5421,fi,599128529908531199
892,Eckerö,747712,60.229,19.5421,fi,599128527761047551
893,Eckerö,747712,60.229,19.5421,fi,599128525613563903
11,FALKENBERG,8241721,56.916,12.499,se,599526383466577919
66,FALKENBERG,8241721,56.916,12.499,se,599526431784959999
67,FALKENBERG,8241721,56.916,12.499,se,599526399572705279
68,FALKENBERG,8241721,56.916,12.499,se,599526429637476351
69,FALKENBERG,8241721,56.916,12.499,se,599526381319094271
70,FALKENBERG,8241721,56.916,12.499,se,599526379171610623
71,FALKENBERG,8241721,56.916,12.499,se,599526377024126975
12,FREDRIKSHAMN,897421,57.433299,10.530099,dk,599526591772491775
72,FREDRIKSHAMN,897421,57.433299,10.530099,dk,599526593919975423
73,FREDRIKSHAMN,897421,57.433299,10.530099,dk,599526598214942719
74,FREDRIKSHAMN,897421,57.433299,10.530099,dk,599526596067459071
75,FREDRIKSHAMN,897421,57.433299,10.530099,dk,599526597141200895
76,FREDRIKSHAMN,897421,57.433299,10.530099,dk,599526592846233599
77,FREDRIKSHAMN,897421,57.433299,10.530099,dk,599526594993717247
149,FÖRBY,9393214,60.101,22.8534,fi,599130303730024447
894,FÖRBY,9393214,60.101,22.8534,fi,599130310172475391
895,FÖRBY,9393214,60.101,22.8534,fi,599130306951249919
896,FÖRBY,9393214,60.101,22.8534,fi,599130308024991743
897,FÖRBY,9393214,60.101,22.8534,fi,599130309098733567
898,FÖRBY,9393214,60.101,22.8534,fi,599130305877508095
899,FÖRBY,9393214,60.101,22.8534,fi,599130304803766271
13,GDANSK,785329,54.36023,18.64912,pl,599524775001325567
78,GDANSK,785329,54.36023,18.64912,pl,599524776075067391
79,GDANSK,785329,54.36023,18.64912,pl,599524777148809215
80,GDANSK,785329,54.36023,18.64912,pl,599531962629095423
81,GDANSK,785329,54.36023,18.64912,pl,599531963702837247
82,GDANSK,785329,54.36023,18.64912,pl,599524763190165503
83,GDANSK,785329,54.36023,18.64912,pl,599524770706358271
14,GDYNIA,12641287,54.5343,18.5459,pl,599531960481611775
84,GDYNIA,12641287,54.5343,18.5459,pl,599531966924062719
85,GDYNIA,12641287,54.5343,18.5459,pl,599531963702837247
86,GDYNIA,12641287,54.5343,18.5459,pl,599531964776579071
87,GDYNIA,12641287,54.5343,18.5459,pl,599531965850320895
88,GDYNIA,12641287,54.5343,18.5459,pl,599531962629095423
89,GDYNIA,12641287,54.5343,18.5459,pl,599531961555353599
15,GRENÅ,987352,56.416794,10.93124,dk,599526334074454015
90,GRENÅ,987352,56.416794,10.93124,dk,599526336221937663
91,GRENÅ,987352,56.416794,10.93124,dk,599526340516904959
92,GRENÅ,987352,56.416794,10.93124,dk,599526338369421311
93,GRENÅ,987352,56.416794,10.93124,dk,599526339443163135
94,GRENÅ,987352,56.416794,10.93124,dk,599526335148195839
95,GRENÅ,987352,56.416794,10.93124,dk,599526337295679487
134,GRISSLEHAMN,856529,60.110847,18.8167471,se,599128315160166399
804,GRISSLEHAMN,856529,60.110847,18.8167471,se,599128316233908223
805,GRISSLEHAMN,856529,60.110847,18.8167471,se,599128317307650047
806,GRISSLEHAMN,856529,60.110847,18.8167471,se,599128287242878975
807,GRISSLEHAMN,856529,60.110847,18.8167471,se,599128288316620799
808,GRISSLEHAMN,856529,60.110847,18.8167471,se,599128303349006335
809,GRISSLEHAMN,856529,60.110847,18.8167471,se,599128310865199103
16,GRUVÖN,32876239647,59.33213,13.1166069,se,599131932596371455
96,GRUVÖN,32876239647,59.33213,13.1166069,se,599131972324818943
97,GRUVÖN,32876239647,59.33213,13.1166069,se,599131931522629631
98,GRUVÖN,32876239647,59.33213,13.1166069,se,599131964808626175
99,GRUVÖN,32876239647,59.33213,13.1166069,se,599131976619786239
100,GRUVÖN,32876239647,59.33213,13.1166069,se,599131928301404159
101,GRUVÖN,32876239647,59.33213,13.1166069,se,599131927227662335
17,GÄVLE,742938,60.683293,17.183295,se,599128651241357311
102,GÄVLE,742938,60.683293,17.183295,se,599128630840262655
103,GÄVLE,742938,60.683293,17.183295,se,599128650167615487
104,GÄVLE,742938,60.683293,17.183295,se,599128683453612031
105,GÄVLE,742938,60.683293,17.183295,se,599128635135229951
106,GÄVLE,742938,60.683293,17.183295,se,599128646946390015
107,GÄVLE,742938,60.683293,17.183295,se,599128645872648191
18,GÖTEBORG,9469372,57.7169,11.88329,se,599526696999190527
108,GÖTEBORG,9469372,57.7169,11.88329,se,599526657270743039
109,GÖTEBORG,9469372,57.7169,11.88329,se,599526664786935807
110,GÖTEBORG,9469372,57.7169,11.88329,se,599526701294157823
111,GÖTEBORG,9469372,57.7169,11.88329,se,599526694851706879
112,GÖTEBORG,9469372,57.7169,11.88329,se,599526698072932351
113,GÖTEBORG,9469372,57.7169,11.88329,se,599526652975775743
7,HAAPSALU,90214,58.91666,23.501023,ee,599130107235270655
42,HAAPSALU,90214,58.91666,23.501023,ee,599130109382754303
43,HAAPSALU,90214,58.91666,23.501023,ee,599130121193914367
44,HAAPSALU,90214,58.91666,23.501023,ee,599130111530237951
45,HAAPSALU,90214,58.91666,23.501023,ee,599129953690189823
46,HAAPSALU,90214,58.91666,23.501023,ee,599130119046430719
47,HAAPSALU,90214,58.91666,23.501023,ee,599130106161528831
19,HALLSTAVIK,42199,60.0667,18.599,se,599128315160166399
114,HALLSTAVIK,42199,60.0667,18.599,se,599128316233908223
115,HALLSTAVIK,42199,60.0667,18.599,se,599128317307650047
116,HALLSTAVIK,42199,60.0667,18.599,se,599128287242878975
117,HALLSTAVIK,42199,60.0667,18.599,se,599128288316620799
118,HALLSTAVIK,42199,60.0667,18.599,se,599128303349006335
119,HALLSTAVIK,42199,60.0667,18.599,se,599128310865199103
20,HALMSTAD,987124,56.66124,12.86654,se,599526408162639871
120,HALMSTAD,987124,56.66124,12.86654,se,599526387761545215
121,HALMSTAD,987124,56.66124,12.86654,se,599526407088898047
122,HALMSTAD,987124,56.66124,12.86654,se,599526380245352447
123,HALMSTAD,987124,56.66124,12.86654,se,599526392056512511
124,HALMSTAD,987124,56.66124,12.86654,se,599526403867672575
125,HALMSTAD,987124,56.66124,12.86654,se,599526402793930751
21,HAMINA,879421,60.566475,27.183324,fi,599280159433949183
126,HAMINA,879421,60.566475,27.183324,fi,599280160507691007
127,HAMINA,879421,60.566475,27.183324,fi,599280161581432831
128,HAMINA,879421,60.566475,27.183324,fi,599280191646203903
129,HAMINA,879421,60.566475,27.183324,fi,599280192719945727
130,HAMINA,879421,60.566475,27.183324,fi,599280207752331263
131,HAMINA,879421,60.566475,27.183324,fi,599280155138981887
22,HANKO/HANGÖ,89742,59.81432,22.967483,fi,599129977312509951
132,HANKO/HANGÖ,89742,59.81432,22.967483,fi,599129983754960895
133,HANKO/HANGÖ,89742,59.81432,22.967483,fi,599129978386251775
134,HANKO/HANGÖ,89742,59.81432,22.967483,fi,599129981607477247
135,HANKO/HANGÖ,89742,59.81432,22.967483,fi,599129982681219071
136,HANKO/HANGÖ,89742,59.81432,22.967483,fi,599129979459993599
137,HANKO/HANGÖ,89742,59.81432,22.967483,fi,599129980533735423
23,HARAHOLMEN,984721,65.2330923,21.6350012,se,599136076166070271
138,HARAHOLMEN,984721,65.2330923,21.6350012,se,599136078313553919
139,HARAHOLMEN,984721,65.2330923,21.6350012,se,599136082608521215
140,HARAHOLMEN,984721,65.2330923,21.6350012,se,599136080461037567
141,HARAHOLMEN,984721,65.2330923,21.6350012,se,599136081534779391
142,HARAHOLMEN,984721,65.2330923,21.6350012,se,599136077239812095
143,HARAHOLMEN,984721,65.2330923,21.6350012,se,599136079387295743
24,HARGSHAMN,10560147,60.166665,18.48354,se,599128288316620799
144,HARGSHAMN,10560147,60.166665,18.48354,se,599128316233908223
145,HARGSHAMN,10560147,60.166665,18.48354,se,599128300127780863
146,HARGSHAMN,10560147,60.166665,18.48354,se,599128285095395327
147,HARGSHAMN,10560147,60.166665,18.48354,se,599128286169137151
148,HARGSHAMN,10560147,60.166665,18.48354,se,599128315160166399
149,HARGSHAMN,10560147,60.166665,18.48354,se,599128287242878975
25,HELSINGBORG,87213,56.0542,12.69432,se,599526524126756863
150,HELSINGBORG,87213,56.0542,12.69432,se,599527291852161023
151,HELSINGBORG,87213,56.0542,12.69432,se,599526526274240511
152,HELSINGBORG,87213,56.0542,12.69432,se,599526528421724159
153,HELSINGBORG,87213,56.0542,12.69432,se,599527324064415743
154,HELSINGBORG,87213,56.0542,12.69432,se,599526523053015039
155,HELSINGBORG,87213,56.0542,12.69432,se,599527293999644671
26,HELSINGÖR,91321,56.0324,12.55769,dk,599526523053015039
156,HELSINGÖR,91321,56.0324,12.55769,dk,599526529495465983
157,HELSINGÖR,91321,56.0324,12.55769,dk,599526526274240511
158,HELSINGÖR,91321,56.0324,12.55769,dk,599526527347982335
159,HELSINGÖR,91321,56.0324,12.55769,dk,599526528421724159
160,HELSINGÖR,91321,56.0324,12.55769,dk,599526525200498687
161,HELSINGÖR,91321,56.0324,12.55769,dk,599526524126756863
27,HELSINKI/HELSINGFORS,12,60.142,24.9512,fi,599280485851463679
162,HELSINKI/HELSINGFORS,12,60.142,24.9512,fi,599280486925205503
163,HELSINKI/HELSINGFORS,12,60.142,24.9512,fi,599280487998947327
164,HELSINKI/HELSINGFORS,12,60.142,24.9512,fi,599130030999601151
165,HELSINKI/HELSINGFORS,12,60.142,24.9512,fi,599130032073342975
166,HELSINKI/HELSINGFORS,12,60.142,24.9512,fi,599130184544681983
167,HELSINKI/HELSINGFORS,12,60.142,24.9512,fi,599280481556496383
28,HOLMSUND,82,63.666554,20.33049,se,599136157770448895
168,HOLMSUND,82,63.666554,20.33049,se,599136158844190719
169,HOLMSUND,82,63.666554,20.33049,se,599136159917932543
170,HOLMSUND,82,63.666554,20.33049,se,599136404731068415
171,HOLMSUND,82,63.666554,20.33049,se,599136405804810239
172,HOLMSUND,82,63.666554,20.33049,se,599136420837195775
173,HOLMSUND,82,63.666554,20.33049,se,599136153475481599
29,HUDIKSVALL,62,61.73324,17.116653,se,599131209968123903
174,HUDIKSVALL,62,61.73324,17.116653,se,599131211041865727
175,HUDIKSVALL,62,61.73324,17.116653,se,599131212115607551
176,HUDIKSVALL,62,61.73324,17.116653,se,599131456928743423
177,HUDIKSVALL,62,61.73324,17.116653,se,599131458002485247
178,HUDIKSVALL,62,61.73324,17.116653,se,599131473034870783
179,HUDIKSVALL,62,61.73324,17.116653,se,599131205673156607
30,HUSUM,28,63.35443,19.15326,se,599136446606999551
180,HUSUM,28,63.35443,19.15326,se,599136448754483199
181,HUSUM,28,63.35443,19.15326,se,599136400436101119
182,HUSUM,28,63.35443,19.15326,se,599136450901966847
183,HUSUM,28,63.35443,19.15326,se,599136430500872191
184,HUSUM,28,63.35443,19.15326,se,599136398288617471
185,HUSUM,28,63.35443,19.15326,se,599136445533257727
31,HÄRNÖSAND,19,62.63432,17.93243,se,599131045685624831
186,HÄRNÖSAND,19,62.63432,17.93243,se,599131279761342463
187,HÄRNÖSAND,19,62.63432,17.93243,se,599131126216261631
188,HÄRNÖSAND,19,62.63432,17.93243,se,599131042464399359
189,HÄRNÖSAND,19,62.63432,17.93243,se,599131043538141183
190,HÄRNÖSAND,19,62.63432,17.93243,se,599131278687600639
191,HÄRNÖSAND,19,62.63432,17.93243,se,599131044611883007
128,HÖGANÄS,32140,56.2123,12.550249,se,599526560633978879
768,HÖGANÄS,32140,56.2123,12.550249,se,599526528421724159
769,HÖGANÄS,32140,56.2123,12.550249,se,599527328359383039
770,HÖGANÄS,32140,56.2123,12.550249,se,599526557412753407
771,HÖGANÄS,32140,56.2123,12.550249,se,599526558486495231
772,HÖGANÄS,32140,56.2123,12.550249,se,599526527347982335
773,HÖGANÄS,32140,56.2123,12.550249,se,599526559560237055
99,HÖNSÄTER,8128,58.63347,13.434,se,599131622284984319
594,HÖNSÄTER,8128,58.63347,13.434,se,599131623358726143
595,HÖNSÄTER,8128,58.63347,13.434,se,599131624432467967
596,HÖNSÄTER,8128,58.63347,13.434,se,599131869245603839
597,HÖNSÄTER,8128,58.63347,13.434,se,599131870319345663
598,HÖNSÄTER,8128,58.63347,13.434,se,599131885351731199
599,HÖNSÄTER,8128,58.63347,13.434,se,599131617990017023
32,IGGESUND,21,61.6366,17.14325,se,599131473034870783
192,IGGESUND,21,61.6366,17.14325,se,599131475182354431
193,IGGESUND,21,61.6366,17.14325,se,599131212115607551
194,IGGESUND,21,61.6366,17.14325,se,599131477329838079
195,IGGESUND,21,61.6366,17.14325,se,599131456928743423
196,IGGESUND,21,61.6366,17.14325,se,599131471961128959
197,IGGESUND,21,61.6366,17.14325,se,599131209968123903
33,INKOO,924,60.01659,23.916923,fi,599130024557150207
198,INKOO,924,60.01659,23.916923,fi,599130025630892031
199,INKOO,924,60.01659,23.916923,fi,599130026704633855
200,INKOO,924,60.01659,23.916923,fi,599130056769404927
201,INKOO,924,60.01659,23.916923,fi,599130057843146751
202,INKOO,924,60.01659,23.916923,fi,599129944026513407
203,INKOO,924,60.01659,23.916923,fi,599130020262182911
140,Imatra,4621469,61.216047,28.83413,fi,599280244259553279
840,Imatra,4621469,61.216047,28.83413,fi,599278141873061887
841,Imatra,4621469,61.216047,28.83413,fi,599280256070713343
842,Imatra,4621469,61.216047,28.83413,fi,599280241038327807
843,Imatra,4621469,61.216047,28.83413,fi,599280242112069631
844,Imatra,4621469,61.216047,28.83413,fi,599278140799320063
845,Imatra,4621469,61.216047,28.83413,fi,599280243185811455
145,Joensuu,879142,62.583,29.7512,fi,599280994805088255
870,Joensuu,879142,62.583,29.7512,fi,599280982993928191
871,Joensuu,879142,62.583,29.7512,fi,599281010911215615
872,Joensuu,879142,62.583,29.7512,fi,599280980846444543
873,Joensuu,879142,62.583,29.7512,fi,599280992657604607
874,Joensuu,879142,62.583,29.7512,fi,599280990510120959
875,Joensuu,879142,62.583,29.7512,fi,599280988362637311
139,Joutseno,2472356,61.119467,28.467,fi,599280241038327807
834,Joutseno,2472356,61.119467,28.467,fi,599280247480778751
835,Joutseno,2472356,61.119467,28.467,fi,599280244259553279
836,Joutseno,2472356,61.119467,28.467,fi,599280245333295103
837,Joutseno,2472356,61.119467,28.467,fi,599280246407036927
838,Joutseno,2472356,61.119467,28.467,fi,599280243185811455
839,Joutseno,2472356,61.119467,28.467,fi,599280242112069631
76,KALAJOKI,74829,64.1831,23.8332,fi,599134066121375743
456,KALAJOKI,74829,64.1831,23.8332,fi,599134068268859391
457,KALAJOKI,74829,64.1831,23.8332,fi,599134072563826687
458,KALAJOKI,74829,64.1831,23.8332,fi,599134070416343039
459,KALAJOKI,74829,64.1831,23.8332,fi,599134071490084863
460,KALAJOKI,74829,64.1831,23.8332,fi,599134067195117567
461,KALAJOKI,74829,64.1831,23.8332,fi,599134069342601215
34,KALMAR,1249,56.66327,16.36777,se,599527229575135231
204,KALMAR,1249,56.66327,16.36777,se,599526906378846207
205,KALMAR,1249,56.66327,16.36777,se,599526982614515711
206,KALMAR,1249,56.66327,16.36777,se,599527233870102527
207,KALMAR,1249,56.66327,16.36777,se,599527227427651583
208,KALMAR,1249,56.66327,16.36777,se,599527230648877055
209,KALMAR,1249,56.66327,16.36777,se,599526902083878911
35,KANTVIK,8412,60.08324,24.395,fi,599130023483408383
210,KANTVIK,8412,60.08324,24.395,fi,599130188839649279
211,KANTVIK,8412,60.08324,24.395,fi,599130035294568447
212,KANTVIK,8412,60.08324,24.395,fi,599130020262182911
213,KANTVIK,8412,60.08324,24.395,fi,599130021335924735
214,KANTVIK,8412,60.08324,24.395,fi,599130187765907455
215,KANTVIK,8412,60.08324,24.395,fi,599130022409666559
127,KAPELLSKÄR,98120,59.71787,19.06685,se,599128471926472703
762,KAPELLSKÄR,98120,59.71787,19.06685,se,599128460115312639
763,KAPELLSKÄR,98120,59.71787,19.06685,se,599128427903057919
764,KAPELLSKÄR,98120,59.71787,19.06685,se,599128457967828991
765,KAPELLSKÄR,98120,59.71787,19.06685,se,599128469778989055
766,KAPELLSKÄR,98120,59.71787,19.06685,se,599128467631505407
767,KAPELLSKÄR,98120,59.71787,19.06685,se,599128465484021759
36,KARLSBORG,4559,65.912,23.282059,se,599133109417410559
216,KARLSBORG,4559,65.912,23.282059,se,599132736828997631
217,KARLSBORG,4559,65.912,23.282059,se,599133108343668735
218,KARLSBORG,4559,65.912,23.282059,se,599133141629665279
219,KARLSBORG,4559,65.912,23.282059,se,599132741123964927
220,KARLSBORG,4559,65.912,23.282059,se,599133105122443263
221,KARLSBORG,4559,65.912,23.282059,se,599133104048701439
37,KARLSHAMN,839,56.1658,14.86701,se,599526879535300607
222,KARLSHAMN,839,56.1658,14.86701,se,599526880609042431
223,KARLSHAMN,839,56.1658,14.86701,se,599526881682784255
224,KARLSHAMN,839,56.1658,14.86701,se,599526911747555327
225,KARLSHAMN,839,56.1658,14.86701,se,599526912821297151
226,KARLSHAMN,839,56.1658,14.86701,se,599527280041000959
227,KARLSHAMN,839,56.1658,14.86701,se,599526875240333311
38,KARLSKRONA,532,56.1685,15.59832,se,599526861281689599
228,KARLSKRONA,532,56.1685,15.59832,se,599526889198977023
229,KARLSKRONA,532,56.1685,15.59832,se,599526873092849663
230,KARLSKRONA,532,56.1685,15.59832,se,599526858060464127
231,KARLSKRONA,532,56.1685,15.59832,se,599526859134205951
232,KARLSKRONA,532,56.1685,15.59832,se,599526888125235199
233,KARLSKRONA,532,56.1685,15.59832,se,599526860207947775
39,KARLSTAD,129,59.36709,13.54001,se,599131928301404159
234,KARLSTAD,129,59.36709,13.54001,se,599131940112564223
235,KARLSTAD,129,59.36709,13.54001,se,599131942260047871
236,KARLSTAD,129,59.36709,13.54001,se,599131932596371455
237,KARLSTAD,129,59.36709,13.54001,se,599131972324818943
238,KARLSTAD,129,59.36709,13.54001,se,599131927227662335
239,KARLSTAD,129,59.36709,13.54001,se,599131930448887807
40,KASKINEN,423,62.38359,21.217,fi,599129198849687551
240,KASKINEN,423,62.38359,21.217,fi,599128883169591295
241,KASKINEN,423,62.38359,21.217,fi,599129210660847615
242,KASKINEN,423,62.38359,21.217,fi,599129195628462079
243,KASKINEN,423,62.38359,21.217,fi,599129196702203903
244,KASKINEN,423,62.38359,21.217,fi,599128882095849471
245,KASKINEN,423,62.38359,21.217,fi,599129197775945727
41,KEMI,591,65.7343,24.566669,fi,599132858161823743
246,KEMI,591,65.7343,24.566669,fi,599132825949569023
247,KEMI,591,65.7343,24.566669,fi,599132869972983807
248,KEMI,591,65.7343,24.566669,fi,599132854940598271
249,KEMI,591,65.7343,24.566669,fi,599132856014340095
250,KEMI,591,65.7343,24.566669,fi,599132824875827199
251,KEMI,591,65.7343,24.566669,fi,599132857088081919
42,KIEL,111,54.3164,10.08312,de,599524528040706047
252,KIEL,111,54.3164,10.08312,de,599524576359088127
253,KIEL,111,54.3164,10.08312,de,599524544146833407
254,KIEL,111,54.3164,10.08312,de,599524574211604479
255,KIEL,111,54.3164,10.08312,de,599524525893222399
256,KIEL,111,54.3164,10.08312,de,599524523745738751
257,KIEL,111,54.3164,10.08312,de,599524521598255103
43,KLAIPEDA,9493,55.7176,21.13405,lt,599531932564324351
258,KLAIPEDA,9493,55.7176,21.13405,lt,599531852033687551
259,KLAIPEDA,9493,55.7176,21.13405,lt,599531819821432831
260,KLAIPEDA,9493,55.7176,21.13405,lt,599531849886203903
261,KLAIPEDA,9493,55.7176,21.13405,lt,599531930416840703
262,KLAIPEDA,9493,55.7176,21.13405,lt,599531928269357055
263,KLAIPEDA,9493,55.7176,21.13405,lt,599531926121873407
129,KLINTEHAMN,9447,57.38342,18.183,se,599129842021040127
774,KLINTEHAMN,9447,57.38342,18.183,se,599129809808785407
775,KLINTEHAMN,9447,57.38342,18.183,se,599129843094781951
776,KLINTEHAMN,9447,57.38342,18.183,se,599129846316007423
777,KLINTEHAMN,9447,57.38342,18.183,se,599129839873556479
778,KLINTEHAMN,9447,57.38342,18.183,se,599129802292592639
779,KLINTEHAMN,9447,57.38342,18.183,se,599129797997625343
44,KOKKOLA,231,63.8495,23.1333,fi,599134061826408447
264,KOKKOLA,231,63.8495,23.1333,fi,599134062900150271
265,KOKKOLA,231,63.8495,23.1333,fi,599134063973892095
266,KOKKOLA,231,63.8495,23.1333,fi,599134094038663167
267,KOKKOLA,231,63.8495,23.1333,fi,599134095112404991
268,KOKKOLA,231,63.8495,23.1333,fi,599134110144790527
269,KOKKOLA,231,63.8495,23.1333,fi,599134057531441151
45,KOTKA,74,60.4667,26.951,fi,599280212047298559
270,KOTKA,74,60.4667,26.951,fi,599280191646203903
271,KOTKA,74,60.4667,26.951,fi,599280210973556735
272,KOTKA,74,60.4667,26.951,fi,599280459007918079
273,KOTKA,74,60.4667,26.951,fi,599280195941171199
274,KOTKA,74,60.4667,26.951,fi,599280207752331263
275,KOTKA,74,60.4667,26.951,fi,599280206678589439
46,KOVERHAR,104,59.88351,23.21656,fi,599129980533735423
276,KOVERHAR,104,59.88351,23.21656,fi,599129948321480703
277,KOVERHAR,104,59.88351,23.21656,fi,599130061064372223
278,KOVERHAR,104,59.88351,23.21656,fi,599129977312509951
279,KOVERHAR,104,59.88351,23.21656,fi,599129978386251775
280,KOVERHAR,104,59.88351,23.21656,fi,599129947247738879
281,KOVERHAR,104,59.88351,23.21656,fi,599129979459993599
47,KRAMFORS,321441,62.9345,17.7844,se,599131124068777983
282,KRAMFORS,321441,62.9345,17.7844,se,599131125142519807
283,KRAMFORS,321441,62.9345,17.7844,se,599131126216261631
284,KRAMFORS,321441,62.9345,17.7844,se,599131156281032703
285,KRAMFORS,321441,62.9345,17.7844,se,599131157354774527
286,KRAMFORS,321441,62.9345,17.7844,se,599131043538141183
287,KRAMFORS,321441,62.9345,17.7844,se,599131119773810687
48,KRISTIINANKAUPUNKI,43024,62.2669,21.38349,fi,599128882095849471
288,KRISTIINANKAUPUNKI,43024,62.2669,21.38349,fi,599128883169591295
289,KRISTIINANKAUPUNKI,43024,62.2669,21.38349,fi,599128884243333119
290,KRISTIINANKAUPUNKI,43024,62.2669,21.38349,fi,599129197775945727
291,KRISTIINANKAUPUNKI,43024,62.2669,21.38349,fi,599129198849687551
292,KRISTIINANKAUPUNKI,43024,62.2669,21.38349,fi,599128870284689407
293,KRISTIINANKAUPUNKI,43024,62.2669,21.38349,fi,599128877800882175
49,KRISTINEHAMN,21414,59.31659,14.1123,se,599131954071207935
294,KRISTINEHAMN,21414,59.31659,14.1123,se,599131691004461055
295,KRISTINEHAMN,21414,59.31659,14.1123,se,599131693151944703
296,KRISTINEHAMN,21414,59.31659,14.1123,se,599131958366175231
297,KRISTINEHAMN,21414,59.31659,14.1123,se,599131937965080575
298,KRISTINEHAMN,21414,59.31659,14.1123,se,599131952997466111
299,KRISTINEHAMN,21414,59.31659,14.1123,se,599131956218691583
4,KUNDA,34679,59.5158,26.53313,ee,599281467251490815
24,KUNDA,34679,59.5158,26.53313,ee,599281515569872895
25,KUNDA,34679,59.5158,26.53313,ee,599281483357618175
26,KUNDA,34679,59.5158,26.53313,ee,599281513422389247
27,KUNDA,34679,59.5158,26.53313,ee,599281465104007167
28,KUNDA,34679,59.5158,26.53313,ee,599281462956523519
29,KUNDA,34679,59.5158,26.53313,ee,599281460809039871
146,Kuopio,8020,62.88312,27.68342,fi,599280900315807743
876,Kuopio,8020,62.88312,27.68342,fi,599280132590403583
877,Kuopio,8020,62.88312,27.68342,fi,599280100378148863
878,Kuopio,8020,62.88312,27.68342,fi,599280130442919935
879,Kuopio,8020,62.88312,27.68342,fi,599280898168324095
880,Kuopio,8020,62.88312,27.68342,fi,599280896020840447
881,Kuopio,8020,62.88312,27.68342,fi,599280893873356799
50,KÖGE,55,55.45124,12.183431,dk,599524504418385919
300,KÖGE,55,55.45124,12.183431,dk,599524506565869567
301,KÖGE,55,55.45124,12.183431,dk,599524510860836863
302,KÖGE,55,55.45124,12.183431,dk,599524508713353215
303,KÖGE,55,55.45124,12.183431,dk,599524509787095039
304,KÖGE,55,55.45124,12.183431,dk,599524505492127743
305,KÖGE,55,55.45124,12.183431,dk,599524507639611391
51,KÖPENHAMN,4305,55.68332,12.5899,dk,599524487238516735
306,KÖPENHAMN,4305,55.68332,12.5899,dk,599524489386000383
307,KÖPENHAMN,4305,55.68332,12.5899,dk,599524493680967679
308,KÖPENHAMN,4305,55.68332,12.5899,dk,599524491533484031
309,KÖPENHAMN,4305,55.68332,12.5899,dk,599524492607225855
310,KÖPENHAMN,4305,55.68332,12.5899,dk,599524488312258559
311,KÖPENHAMN,4305,55.68332,12.5899,dk,599524490459742207
52,KÖPING,989,59.55,16.01669,se,599131663087173631
312,KÖPING,989,59.55,16.01669,se,599131683488268287
313,KÖPING,989,59.55,16.01669,se,599128736066961407
314,KÖPING,989,59.55,16.01669,se,599131667382140927
315,KÖPING,989,59.55,16.01669,se,599131660939689983
316,KÖPING,989,59.55,16.01669,se,599131664160915455
317,KÖPING,989,59.55,16.01669,se,599131679193300991
53,LANDSKRONA,6312,55.8678,12.83,se,599527293999644671
318,LANDSKRONA,6312,55.8678,12.83,se,599526526274240511
319,LANDSKRONA,6312,55.8678,12.83,se,599524492607225855
320,LANDSKRONA,6312,55.8678,12.83,se,599526524126756863
321,LANDSKRONA,6312,55.8678,12.83,se,599527291852161023
322,LANDSKRONA,6312,55.8678,12.83,se,599527289704677375
323,LANDSKRONA,6312,55.8678,12.83,se,599527287557193727
54,LIDKÖPING,40042,58.5167,13.05118335,se,599131889646698495
324,LIDKÖPING,40042,58.5167,13.05118335,se,599131869245603839
325,LIDKÖPING,40042,58.5167,13.05118335,se,599131888572956671
326,LIDKÖPING,40042,58.5167,13.05118335,se,599131861729411071
327,LIDKÖPING,40042,58.5167,13.05118335,se,599131873540571135
328,LIDKÖPING,40042,58.5167,13.05118335,se,599131885351731199
329,LIDKÖPING,40042,58.5167,13.05118335,se,599131884277989375
9,LIEBAJA,24788,56.499,20.9839129,lv,599532153755140095
54,LIEBAJA,24788,56.499,20.9839129,lv,599532154828881919
55,LIEBAJA,24788,56.499,20.9839129,lv,599532155902623743
56,LIEBAJA,24788,56.499,20.9839129,lv,599532185967394815
57,LIEBAJA,24788,56.499,20.9839129,lv,599532187041136639
58,LIEBAJA,24788,56.499,20.9839129,lv,599532202073522175
59,LIEBAJA,24788,56.499,20.9839129,lv,599532149460172799
55,LILLA EDET,5053,58.1333,11895.11699,se,599131764018905087
330,LILLA EDET,5053,58.1333,11895.11699,se,599131770461356031
331,LILLA EDET,5053,58.1333,11895.11699,se,599131767240130559
332,LILLA EDET,5053,58.1333,11895.11699,se,599131768313872383
333,LILLA EDET,5053,58.1333,11895.11699,se,599131769387614207
334,LILLA EDET,5053,58.1333,11895.11699,se,599131766166388735
335,LILLA EDET,5053,58.1333,11895.11699,se,599131765092646911
2,LOKSA,81274125,59.5833,25.7,ee,599130167364812799
12,LOKSA,81274125,59.5833,25.7,ee,599281499463745535
13,LOKSA,81274125,59.5833,25.7,ee,599130169512296447
14,LOKSA,81274125,59.5833,25.7,ee,599130171659780095
15,LOKSA,81274125,59.5833,25.7,ee,599130151258685439
16,LOKSA,81274125,59.5833,25.7,ee,599130166291070975
17,LOKSA,81274125,59.5833,25.7,ee,599281501611229183
56,LOVIISA,213497901,60.44905,26.2526,fi,599280455786692607
336,LOVIISA,213497901,60.44905,26.2526,fi,599280462229143551
337,LOVIISA,213497901,60.44905,26.2526,fi,599280459007918079
338,LOVIISA,213497901,60.44905,26.2526,fi,599280460081659903
339,LOVIISA,213497901,60.44905,26.2526,fi,599280461155401727
340,LOVIISA,213497901,60.44905,26.2526,fi,599280457934176255
341,LOVIISA,213497901,60.44905,26.2526,fi,599280456860434431
57,LULEÅ,49490,65.58393,22.16689,se,599133129818505215
342,LULEÅ,49490,65.58393,22.16689,se,599133136260956159
343,LULEÅ,49490,65.58393,22.16689,se,599133133039730687
344,LULEÅ,49490,65.58393,22.16689,se,599133134113472511
345,LULEÅ,49490,65.58393,22.16689,se,599133135187214335
346,LULEÅ,49490,65.58393,22.16689,se,599133131965988863
347,LULEÅ,49490,65.58393,22.16689,se,599133130892247039
58,LYSEKIL,94,58.26658,11.43327,se,599147692978864127
348,LYSEKIL,94,58.26658,11.43327,se,599131915416502271
349,LYSEKIL,94,58.26658,11.43327,se,599131899310374911
350,LYSEKIL,94,58.26658,11.43327,se,599147689757638655
351,LYSEKIL,94,58.26658,11.43327,se,599147690831380479
352,LYSEKIL,94,58.26658,11.43327,se,599131914342760447
353,LYSEKIL,94,58.26658,11.43327,se,599147691905122303
138,Lappeenranta,75684,61.04925,28.249,fi,599280164802658303
828,Lappeenranta,75684,61.04925,28.249,fi,599280166950141951
829,Lappeenranta,75684,61.04925,28.249,fi,599280247480778751
830,Lappeenranta,75684,61.04925,28.249,fi,599280169097625599
831,Lappeenranta,75684,61.04925,28.249,fi,599280277545549823
832,Lappeenranta,75684,61.04925,28.249,fi,599280163728916479
833,Lappeenranta,75684,61.04925,28.249,fi,599280245333295103
59,LÄNSI,9217,59.522,10.773,no,599147615669452799
354,LÄNSI,9217,59.522,10.773,no,599147781025693695
355,LÄNSI,9217,59.522,10.773,no,599147627480612863
356,LÄNSI,9217,59.522,10.773,no,599147612448227327
357,LÄNSI,9217,59.522,10.773,no,599147613521969151
358,LÄNSI,9217,59.522,10.773,no,599147779951951871
359,LÄNSI,9217,59.522,10.773,no,599147614595710975
136,LÅNGNÄS,4325,60.1128418,20.2976938,fi,599128493401309183
816,LÅNGNÄS,4325,60.1128418,20.2976938,fi,599128521318596607
817,LÅNGNÄS,4325,60.1128418,20.2976938,fi,599128494475051007
818,LÅNGNÄS,4325,60.1128418,20.2976938,fi,599128497696276479
819,LÅNGNÄS,4325,60.1128418,20.2976938,fi,599128491253825535
820,LÅNGNÄS,4325,60.1128418,20.2976938,fi,599128513802403839
821,LÅNGNÄS,4325,60.1128418,20.2976938,fi,599128509507436543
60,LÖDÖSE,398,58.0401,12.149,se,599131912195276799
360,LÖDÖSE,398,58.0401,12.149,se,599131879983022079
361,LÖDÖSE,398,58.0401,12.149,se,599526700220415999
362,LÖDÖSE,398,58.0401,12.149,se,599131916490244095
363,LÖDÖSE,398,58.0401,12.149,se,599131910047793151
364,LÖDÖSE,398,58.0401,12.149,se,599526699146674175
365,LÖDÖSE,398,58.0401,12.149,se,599131913269018623
61,MALMÖ,932,55.616,13.0255,se,599524502270902271
366,MALMÖ,932,55.616,13.0255,se,599524490459742207
367,MALMÖ,932,55.616,13.0255,se,599524458247487487
368,MALMÖ,932,55.616,13.0255,se,599524488312258559
369,MALMÖ,932,55.616,13.0255,se,599524500123418623
370,MALMÖ,932,55.616,13.0255,se,599524497975934975
371,MALMÖ,932,55.616,13.0255,se,599524495828451327
62,MARIEHAMN,99,60.0949,19.934,fi,599128543867174911
372,MARIEHAMN,99,60.0949,19.934,fi,599128546014658559
373,MARIEHAMN,99,60.0949,19.934,fi,599128497696276479
374,MARIEHAMN,99,60.0949,19.934,fi,599128548162142207
375,MARIEHAMN,99,60.0949,19.934,fi,599128527761047551
376,MARIEHAMN,99,60.0949,19.934,fi,599128542793433087
377,MARIEHAMN,99,60.0949,19.934,fi,599128495548792831
63,MARIESTAD,4004,58.717,13.817,se,599131619063758847
378,MARIESTAD,4004,58.717,13.817,se,599131630874918911
379,MARIESTAD,4004,58.717,13.817,se,599131633022402559
380,MARIESTAD,4004,58.717,13.817,se,599131623358726143
381,MARIESTAD,4004,58.717,13.817,se,599131946555015167
382,MARIESTAD,4004,58.717,13.817,se,599131617990017023
383,MARIESTAD,4004,58.717,13.817,se,599131621211242495
151,MUSSALO,9421815,60.440214,26.75921,fi,599280212047298559
906,MUSSALO,9421815,60.440214,26.75921,fi,599280191646203903
907,MUSSALO,9421815,60.440214,26.75921,fi,599280210973556735
908,MUSSALO,9421815,60.440214,26.75921,fi,599280459007918079
909,MUSSALO,9421815,60.440214,26.75921,fi,599280195941171199
910,MUSSALO,9421815,60.440214,26.75921,fi,599280207752331263
911,MUSSALO,9421815,60.440214,26.75921,fi,599280206678589439
3,MUUGA,645,59.482,24.955,ee,599130142668750847
18,MUUGA,645,59.482,24.955,ee,599130170586038271
19,MUUGA,645,59.482,24.955,ee,599130143742492671
20,MUUGA,645,59.482,24.955,ee,599130146963718143
21,MUUGA,645,59.482,24.955,ee,599130140521267199
22,MUUGA,645,59.482,24.955,ee,599130163069845503
23,MUUGA,645,59.482,24.955,ee,599130158774878207
122,MÖNSTERÅS,9492214,57.1,16.56678,se,599527202731589631
732,MÖNSTERÅS,9492214,57.1,16.56678,se,599527214542749695
733,MÖNSTERÅS,9492214,57.1,16.56678,se,599527216690233343
734,MÖNSTERÅS,9492214,57.1,16.56678,se,599527207026556927
735,MÖNSTERÅS,9492214,57.1,16.56678,se,599527246755004415
736,MÖNSTERÅS,9492214,57.1,16.56678,se,599527201657847807
737,MÖNSTERÅS,9492214,57.1,16.56678,se,599527204879073279
65,NAANTALI/NÅDENDAL,91013,60.467,22.017,fi,599130327352344575
390,NAANTALI/NÅDENDAL,91013,60.467,22.017,fi,599130315541184511
391,NAANTALI/NÅDENDAL,91013,60.467,22.017,fi,599130283328929791
392,NAANTALI/NÅDENDAL,91013,60.467,22.017,fi,599130313393700863
393,NAANTALI/NÅDENDAL,91013,60.467,22.017,fi,599130325204860927
394,NAANTALI/NÅDENDAL,91013,60.467,22.017,fi,599130323057377279
395,NAANTALI/NÅDENDAL,91013,60.467,22.017,fi,599130320909893631
118,NOL,432124,57.917,12.066,se,599526694851706879
708,NOL,432124,57.917,12.066,se,599526701294157823
709,NOL,432124,57.917,12.066,se,599526698072932351
710,NOL,432124,57.917,12.066,se,599526699146674175
711,NOL,432124,57.917,12.066,se,599526700220415999
712,NOL,432124,57.917,12.066,se,599526696999190527
713,NOL,432124,57.917,12.066,se,599526695925448703
66,NORRKÖPING,1416,58.61,16.194,se,599131789788708863
396,NORRKÖPING,1416,58.61,16.194,se,599131796231159807
397,NORRKÖPING,1416,58.61,16.194,se,599131793009934335
398,NORRKÖPING,1416,58.61,16.194,se,599131794083676159
399,NORRKÖPING,1416,58.61,16.194,se,599131795157417983
400,NORRKÖPING,1416,58.61,16.194,se,599131791936192511
401,NORRKÖPING,1416,58.61,16.194,se,599131790862450687
67,NORRSUNDET,9593,60.9341,17.1671,se,599128628692779007
402,NORRSUNDET,9593,60.9341,17.1671,se,599128635135229951
403,NORRSUNDET,9593,60.9341,17.1671,se,599128631914004479
404,NORRSUNDET,9593,60.9341,17.1671,se,599128632987746303
405,NORRSUNDET,9593,60.9341,17.1671,se,599128634061488127
406,NORRSUNDET,9593,60.9341,17.1671,se,599128630840262655
407,NORRSUNDET,9593,60.9341,17.1671,se,599128629766520831
68,NYNÄSHAMN,953,58.9,17.95,se,599129777596530687
408,NYNÄSHAMN,953,58.9,17.95,se,599129765785370623
409,NYNÄSHAMN,953,58.9,17.95,se,599129733573115903
410,NYNÄSHAMN,953,58.9,17.95,se,599129763637886975
411,NYNÄSHAMN,953,58.9,17.95,se,599129775449047039
412,NYNÄSHAMN,953,58.9,17.95,se,599129773301563391
413,NYNÄSHAMN,953,58.9,17.95,se,599129771154079743
121,ORRSKÄR,84289,61.22,24.817172,fi,599280294725419007
726,ORRSKÄR,84289,61.22,24.817172,fi,599280315126513663
727,ORRSKÄR,84289,61.22,24.817172,fi,599280322642706431
728,ORRSKÄR,84289,61.22,24.817172,fi,599280299020386303
729,ORRSKÄR,84289,61.22,24.817172,fi,599280292577935359
730,ORRSKÄR,84289,61.22,24.817172,fi,599280310831546367
731,ORRSKÄR,84289,61.22,24.817172,fi,599280295799160831
69,OSKARSHAMN,12,57.25,16.45,se,599527207026556927
414,OSKARSHAMN,12,57.25,16.45,se,599527246755004415
415,OSKARSHAMN,12,57.25,16.45,se,599527205952815103
416,OSKARSHAMN,12,57.25,16.45,se,599527239238811647
417,OSKARSHAMN,12,57.25,16.45,se,599527251049971711
418,OSKARSHAMN,12,57.25,16.45,se,599527202731589631
419,OSKARSHAMN,12,57.25,16.45,se,599527201657847807
70,OSLO,403,59.9,10.784,no,599147610300743679
420,OSLO,403,59.9,10.784,no,599147598489583615
421,OSLO,403,59.9,10.784,no,599147626406871039
422,OSLO,403,59.9,10.784,no,599147596342099967
423,OSLO,403,59.9,10.784,no,599147608153260031
424,OSLO,403,59.9,10.784,no,599147606005776383
425,OSLO,403,59.9,10.784,no,599147603858292735
71,OTTERBÄCKEN,224,58.949,14.0294,se,599131631948660735
426,OTTERBÄCKEN,224,58.949,14.0294,se,599131955144949759
427,OTTERBÄCKEN,224,58.949,14.0294,se,599131630874918911
428,OTTERBÄCKEN,224,58.949,14.0294,se,599131947628756991
429,OTTERBÄCKEN,224,58.949,14.0294,se,599131959439917055
430,OTTERBÄCKEN,224,58.949,14.0294,se,599131627653693439
431,OTTERBÄCKEN,224,58.949,14.0294,se,599131626579951615
72,OULU,2140,65.0167,25.4667,fi,599133885732749311
432,OULU,2140,65.0167,25.4667,fi,599133892175200255
433,OULU,2140,65.0167,25.4667,fi,599133888953974783
434,OULU,2140,65.0167,25.4667,fi,599133890027716607
435,OULU,2140,65.0167,25.4667,fi,599133891101458431
436,OULU,2140,65.0167,25.4667,fi,599133887880232959
437,OULU,2140,65.0167,25.4667,fi,599133886806491135
73,OXELÖSUND,994,58.667,17.121,se,599131816632254463
438,OXELÖSUND,994,58.667,17.121,se,599129766859112447
439,OXELÖSUND,994,58.667,17.121,se,599131818779738111
440,OXELÖSUND,994,58.667,17.121,se,599131820927221759
441,OXELÖSUND,994,58.667,17.121,se,599131800526127103
442,OXELÖSUND,994,58.667,17.121,se,599131815558512639
443,OXELÖSUND,994,58.667,17.121,se,599129769006596095
5,PALDISKI,1274,59.33123,24.0829,ee,599129963353866239
30,PALDISKI,1274,59.33123,24.0829,ee,599130197429583871
31,PALDISKI,1274,59.33123,24.0829,ee,599130181323456511
32,PALDISKI,1274,59.33123,24.0829,ee,599129960132640767
33,PALDISKI,1274,59.33123,24.0829,ee,599129961206382591
34,PALDISKI,1274,59.33123,24.0829,ee,599130196355842047
35,PALDISKI,1274,59.33123,24.0829,ee,599129962280124415
74,PIETARSAARI,3+24442,63.684,22.7272,fi,599134114439757823
444,PIETARSAARI,3+24442,63.684,22.7272,fi,599134094038663167
445,PIETARSAARI,3+24442,63.684,22.7272,fi,599134113366015999
446,PIETARSAARI,3+24442,63.684,22.7272,fi,599136148106772479
447,PIETARSAARI,3+24442,63.684,22.7272,fi,599134098333630463
448,PIETARSAARI,3+24442,63.684,22.7272,fi,599134110144790527
449,PIETARSAARI,3+24442,63.684,22.7272,fi,599134109071048703
64,PORI/MÄNTYLUOTO,8475,61.62,21.485,fi,599128888538300415
384,PORI/MÄNTYLUOTO,8475,61.62,21.485,fi,599128856326045695
385,PORI/MÄNTYLUOTO,8475,61.62,21.485,fi,599128889612042239
386,PORI/MÄNTYLUOTO,8475,61.62,21.485,fi,599128892833267711
387,PORI/MÄNTYLUOTO,8475,61.62,21.485,fi,599128886390816767
388,PORI/MÄNTYLUOTO,8475,61.62,21.485,fi,599129261126713343
389,PORI/MÄNTYLUOTO,8475,61.62,21.485,fi,599129256831746047
117,PRIMORSK,45647,60.333233,28.667,ru,599278149389254655
702,PRIMORSK,45647,60.333233,28.667,ru,599278150462996479
703,PRIMORSK,45647,60.333233,28.667,ru,599278151536738303
704,PRIMORSK,45647,60.333233,28.667,ru,599280183056269311
705,PRIMORSK,45647,60.333233,28.667,ru,599280184130011135
706,PRIMORSK,45647,60.333233,28.667,ru,599281229954547711
707,PRIMORSK,45647,60.333233,28.667,ru,599278145094287359
137,Parainen,9949,60.3,22.394,fi,599130281181446143
822,Parainen,9949,60.3,22.394,fi,599130309098733567
823,Parainen,9949,60.3,22.394,fi,599130292992606207
824,Parainen,9949,60.3,22.394,fi,599130277960220671
825,Parainen,9949,60.3,22.394,fi,599130279033962495
826,Parainen,9949,60.3,22.394,fi,599130308024991743
827,Parainen,9949,60.3,22.394,fi,599130280107704319
144,Puhos,9246219,62.119,29.9171,fi,599281000173797375
864,Puhos,9246219,62.119,29.9171,fi,599278210592538623
865,Puhos,9246219,62.119,29.9171,fi,599281011984957439
866,Puhos,9246219,62.119,29.9171,fi,599280996952571903
867,Puhos,9246219,62.119,29.9171,fi,599280998026313727
868,Puhos,9246219,62.119,29.9171,fi,599278209518796799
869,Puhos,9246219,62.119,29.9171,fi,599280999100055551
6,PÄRNU,69319,58.3832999,24.549,ee,599130092202885119
36,PÄRNU,69319,58.3832999,24.549,ee,599531088603250687
37,PÄRNU,69319,58.3832999,24.549,ee,599531090750734335
38,PÄRNU,69319,58.3832999,24.549,ee,599130088981659647
39,PÄRNU,69319,58.3832999,24.549,ee,599130090055401471
40,PÄRNU,69319,58.3832999,24.549,ee,599130091129143295
41,PÄRNU,69319,58.3832999,24.549,ee,599130104014045183
75,RAAHE,3280995,64.6845,24.4836,fi,599134156315688959
450,RAAHE,3280995,64.6845,24.4836,fi,599134157389430783
451,RAAHE,3280995,64.6845,24.4836,fi,599134158463172607
452,RAAHE,3280995,64.6845,24.4836,fi,599134128398401535
453,RAAHE,3280995,64.6845,24.4836,fi,599134129472143359
454,RAAHE,3280995,64.6845,24.4836,fi,599134144504528895
455,RAAHE,3280995,64.6845,24.4836,fi,599134152020721663
77,RAUMA,89,61.1329,21.4995,fi,599129262200455167
462,RAUMA,89,61.1329,21.4995,fi,599129250389295103
463,RAUMA,89,61.1329,21.4995,fi,599129278306582527
464,RAUMA,89,61.1329,21.4995,fi,599129248241811455
465,RAUMA,89,61.1329,21.4995,fi,599129260052971519
466,RAUMA,89,61.1329,21.4995,fi,599129257905487871
467,RAUMA,89,61.1329,21.4995,fi,599129255758004223
78,RIGA,92248,56.9521,24.08341,lv,599530736415932415
468,RIGA,92248,56.9521,24.08341,lv,599530737489674239
469,RIGA,92248,56.9521,24.08341,lv,599530738563416063
470,RIGA,92248,56.9521,24.08341,lv,599530708498644991
471,RIGA,92248,56.9521,24.08341,lv,599530709572386815
472,RIGA,92248,56.9521,24.08341,lv,599530724604772351
473,RIGA,92248,56.9521,24.08341,lv,599530732120965119
135,RONEHAMN,42326,57.175,18.511,se,599129800145108991
810,RONEHAMN,42326,57.175,18.511,se,599129828062396415
811,RONEHAMN,42326,57.175,18.511,se,599129811956269055
812,RONEHAMN,42326,57.175,18.511,se,599129796923883519
813,RONEHAMN,42326,57.175,18.511,se,599129797997625343
814,RONEHAMN,42326,57.175,18.511,se,599129826988654591
815,RONEHAMN,42326,57.175,18.511,se,599129799071367167
79,RUNDVIK,4620,63.534,19.4449,se,599136399362359295
474,RUNDVIK,4620,63.534,19.4449,se,599136439090806783
475,RUNDVIK,4620,63.534,19.4449,se,599136398288617471
476,RUNDVIK,4620,63.534,19.4449,se,599136431574614015
477,RUNDVIK,4620,63.534,19.4449,se,599136443385774079
478,RUNDVIK,4620,63.534,19.4449,se,599136395067391999
479,RUNDVIK,4620,63.534,19.4449,se,599136393993650175
141,Ristiina,899872,61.467,27.2833,fi,599280044543574015
846,Ristiina,899872,61.467,27.2833,fi,599280262513164287
847,Ristiina,899872,61.467,27.2833,fi,599280264660647935
848,Ristiina,899872,61.467,27.2833,fi,599280048838541311
849,Ristiina,899872,61.467,27.2833,fi,599280028437446655
850,Ristiina,899872,61.467,27.2833,fi,599280043469832191
851,Ristiina,899872,61.467,27.2833,fi,599280046691057663
86,SAINT PETERSBURG,190,59.9344,30.322,ru,599278232067375103
516,SAINT PETERSBURG,190,59.9344,30.322,ru,599278234214858751
517,SAINT PETERSBURG,190,59.9344,30.322,ru,599278246026018815
518,SAINT PETERSBURG,190,59.9344,30.322,ru,599278236362342399
519,SAINT PETERSBURG,190,59.9344,30.322,ru,599278276090789887
520,SAINT PETERSBURG,190,59.9344,30.322,ru,599278230993633279
521,SAINT PETERSBURG,190,59.9344,30.322,ru,599278243878535167
8,SILLAMÄE,93482,59.3992,27.733042,ee,599281241765707775
48,SILLAMÄE,93482,59.3992,27.733042,ee,599281242839449599
49,SILLAMÄE,93482,59.3992,27.733042,ee,599281243913191423
50,SILLAMÄE,93482,59.3992,27.733042,ee,599281488726327295
51,SILLAMÄE,93482,59.3992,27.733042,ee,599281489800069119
52,SILLAMÄE,93482,59.3992,27.733042,ee,599281161235070975
53,SILLAMÄE,93482,59.3992,27.733042,ee,599281237470740479
80,SIMRISHAMN,350,55.567,14.36666,se,599526999794384895
480,SIMRISHAMN,350,55.567,14.36666,se,599527000868126719
481,SIMRISHAMN,350,55.567,14.36666,se,599527001941868543
482,SIMRISHAMN,350,55.567,14.36666,se,599527032006639615
483,SIMRISHAMN,350,55.567,14.36666,se,599527033080381439
484,SIMRISHAMN,350,55.567,14.36666,se,599527048112766975
485,SIMRISHAMN,350,55.567,14.36666,se,599526995499417599
81,SKELLEFTEHAMN,1945,64.684,21.2518,se,599136227563667455
486,SKELLEFTEHAMN,1945,64.684,21.2518,se,599136069723619327
487,SKELLEFTEHAMN,1945,64.684,21.2518,se,599136226489925631
488,SKELLEFTEHAMN,1945,64.684,21.2518,se,599135993487949823
489,SKELLEFTEHAMN,1945,64.684,21.2518,se,599136074018586623
490,SKELLEFTEHAMN,1945,64.684,21.2518,se,599136223268700159
491,SKELLEFTEHAMN,1945,64.684,21.2518,se,599136222194958335
82,SKOGHALL,94486,59.317,13.4398,se,599131928301404159
492,SKOGHALL,94486,59.317,13.4398,se,599131940112564223
493,SKOGHALL,94486,59.317,13.4398,se,599131942260047871
494,SKOGHALL,94486,59.317,13.4398,se,599131932596371455
495,SKOGHALL,94486,59.317,13.4398,se,599131972324818943
496,SKOGHALL,94486,59.317,13.4398,se,599131927227662335
497,SKOGHALL,94486,59.317,13.4398,se,599131930448887807
83,SKUTSKÄR,848,60.6505,17.4171,se,599128645872648191
498,SKUTSKÄR,848,60.6505,17.4171,se,599128652315099135
499,SKUTSKÄR,848,60.6505,17.4171,se,599128649093873663
500,SKUTSKÄR,848,60.6505,17.4171,se,599128650167615487
501,SKUTSKÄR,848,60.6505,17.4171,se,599128651241357311
502,SKUTSKÄR,848,60.6505,17.4171,se,599128648020131839
503,SKUTSKÄR,848,60.6505,17.4171,se,599128646946390015
84,SKÖLDVIK,553,60.31,25.56622,fi,599280436459339775
504,SKÖLDVIK,553,60.31,25.56622,fi,599280484777721855
505,SKÖLDVIK,553,60.31,25.56622,fi,599280452565467135
506,SKÖLDVIK,553,60.31,25.56622,fi,599280482630238207
507,SKÖLDVIK,553,60.31,25.56622,fi,599280434311856127
508,SKÖLDVIK,553,60.31,25.56622,fi,599280432164372479
509,SKÖLDVIK,553,60.31,25.56622,fi,599280430016888831
85,SLITE,492,57.717,18.816,se,599129436146630655
510,SLITE,492,57.717,18.816,se,599129442589081599
511,SLITE,492,57.717,18.816,se,599129437220372479
512,SLITE,492,57.717,18.816,se,599129440441597951
513,SLITE,492,57.717,18.816,se,599129441515339775
514,SLITE,492,57.717,18.816,se,599129438294114303
515,SLITE,492,57.717,18.816,se,599129439367856127
131,STENUNGSUND,211239847,58.0835,11.8165,se,599131916490244095
786,STENUNGSUND,211239847,58.0835,11.8165,se,599526687335514111
787,STENUNGSUND,211239847,58.0835,11.8165,se,599526699146674175
788,STENUNGSUND,211239847,58.0835,11.8165,se,599526691630481407
789,STENUNGSUND,211239847,58.0835,11.8165,se,599131914342760447
790,STENUNGSUND,211239847,58.0835,11.8165,se,599131912195276799
791,STENUNGSUND,211239847,58.0835,11.8165,se,599131910047793151
120,STOCKA,958123,61.9042,17.35421,se,599131057496784895
720,STOCKA,958123,61.9042,17.35421,se,599131458002485247
721,STOCKA,958123,61.9042,17.35421,se,599131211041865727
722,STOCKA,958123,61.9042,17.35421,se,599131455855001599
723,STOCKA,958123,61.9042,17.35421,se,599131055349301247
724,STOCKA,958123,61.9042,17.35421,se,599131053201817599
725,STOCKA,958123,61.9042,17.35421,se,599131051054333951
87,STOCKHOLM,985,59.3179,18.061,se,599128723182059519
522,STOCKHOLM,985,59.3179,18.061,se,599128729624510463
523,STOCKHOLM,985,59.3179,18.061,se,599128726403284991
524,STOCKHOLM,985,59.3179,18.061,se,599128727477026815
525,STOCKHOLM,985,59.3179,18.061,se,599128728550768639
526,STOCKHOLM,985,59.3179,18.061,se,599128725329543167
527,STOCKHOLM,985,59.3179,18.061,se,599128724255801343
88,STORUGNS,7324723,57.83332,18.80421,se,599129437220372479
528,STORUGNS,7324723,57.83332,18.80421,se,599129388901990399
529,STORUGNS,7324723,57.83332,18.80421,se,599129391049474047
530,STORUGNS,7324723,57.83332,18.80421,se,599129441515339775
531,STORUGNS,7324723,57.83332,18.80421,se,599129421114245119
532,STORUGNS,7324723,57.83332,18.80421,se,599129436146630655
533,STORUGNS,7324723,57.83332,18.80421,se,599129439367856127
132,STRÅ,95772812,57.88,19.01642,se,599129391049474047
792,STRÅ,95772812,57.88,19.01642,se,599129439367856127
793,STRÅ,95772812,57.88,19.01642,se,599129407155601407
794,STRÅ,95772812,57.88,19.01642,se,599129437220372479
795,STRÅ,95772812,57.88,19.01642,se,599129388901990399
796,STRÅ,95772812,57.88,19.01642,se,599129386754506751
797,STRÅ,95772812,57.88,19.01642,se,599129384607023103
130,STRÖMSTAD,40421948,58.93,11.166841,se,599147787468144639
780,STRÖMSTAD,40421948,58.93,11.166841,se,599147755255889919
781,STRÖMSTAD,40421948,58.93,11.166841,se,599147739149762559
782,STRÖMSTAD,40421948,58.93,11.166841,se,599147784246919167
783,STRÖMSTAD,40421948,58.93,11.166841,se,599147785320660991
784,STRÖMSTAD,40421948,58.93,11.166841,se,599147754182148095
785,STRÖMSTAD,40421948,58.93,11.166841,se,599147786394402815
89,SUNDSVALL,938412,62.416612,17.333234,se,599131034948206591
534,SUNDSVALL,938412,62.416612,17.333234,se,599131046759366655
535,SUNDSVALL,938412,62.416612,17.333234,se,599131048906850303
536,SUNDSVALL,938412,62.416612,17.333234,se,599131039243173887
537,SUNDSVALL,938412,62.416612,17.333234,se,599131078971621375
538,SUNDSVALL,938412,62.416612,17.333234,se,599131033874464767
539,SUNDSVALL,938412,62.416612,17.333234,se,599131037095690239
90,SURTE,12980,57.8333128,12.016734,se,599526694851706879
540,SURTE,12980,57.8333128,12.016734,se,599526701294157823
541,SURTE,12980,57.8333128,12.016734,se,599526698072932351
542,SURTE,12980,57.8333128,12.016734,se,599526699146674175
543,SURTE,12980,57.8333128,12.016734,se,599526700220415999
544,SURTE,12980,57.8333128,12.016734,se,599526696999190527
545,SURTE,12980,57.8333128,12.016734,se,599526695925448703
142,Savonlinna,8474812,61.867,28.866,fi,599280237817102335
852,Savonlinna,8474812,61.867,28.866,fi,599281033459793919
853,Savonlinna,8474812,61.867,28.866,fi,599280236743360511
854,Savonlinna,8474812,61.867,28.866,fi,599280270029357055
855,Savonlinna,8474812,61.867,28.866,fi,599281037754761215
856,Savonlinna,8474812,61.867,28.866,fi,599280233522135039
857,Savonlinna,8474812,61.867,28.866,fi,599280232448393215
147,Siilinjõrvi,1239479821,63.1038,27.75409,fi,599280899242065919
882,Siilinjõrvi,1239479821,63.1038,27.75409,fi,599280878840971263
883,Siilinjõrvi,1239479821,63.1038,27.75409,fi,599280898168324095
884,Siilinjõrvi,1239479821,63.1038,27.75409,fi,599133949083516927
885,Siilinjõrvi,1239479821,63.1038,27.75409,fi,599280883135938559
886,Siilinjõrvi,1239479821,63.1038,27.75409,fi,599280894947098623
887,Siilinjõrvi,1239479821,63.1038,27.75409,fi,599280893873356799
91,SÖDERHAMN,12812,61.3142,17.0812,se,599128672716193791
546,SÖDERHAMN,12812,61.3142,17.0812,se,599131227147993087
547,SÖDERHAMN,12812,61.3142,17.0812,se,599131229295476735
548,SÖDERHAMN,12812,61.3142,17.0812,se,599128677011161087
549,SÖDERHAMN,12812,61.3142,17.0812,se,599131474108612607
550,SÖDERHAMN,12812,61.3142,17.0812,se,599128671642451967
551,SÖDERHAMN,12812,61.3142,17.0812,se,599128674863677439
92,SÖDERTÄLJE,4299,59.2,17.832633238,se,599128729624510463
552,SÖDERTÄLJE,4299,59.2,17.832633238,se,599128717813350399
553,SÖDERTÄLJE,4299,59.2,17.832633238,se,599129776522788863
554,SÖDERTÄLJE,4299,59.2,17.832633238,se,599128715665866751
555,SÖDERTÄLJE,4299,59.2,17.832633238,se,599128727477026815
556,SÖDERTÄLJE,4299,59.2,17.832633238,se,599128725329543167
557,SÖDERTÄLJE,4299,59.2,17.832633238,se,599128723182059519
93,SÖLVESBORG,8312,56.0508,14.583321,se,599526881682784255
558,SÖLVESBORG,8312,56.0508,14.583321,se,599527282188484607
559,SÖLVESBORG,8312,56.0508,14.583321,se,599527035227865087
560,SÖLVESBORG,8312,56.0508,14.583321,se,599527280041000959
561,SÖLVESBORG,8312,56.0508,14.583321,se,599526879535300607
562,SÖLVESBORG,8312,56.0508,14.583321,se,599526877387816959
563,SÖLVESBORG,8312,56.0508,14.583321,se,599526875240333311
94,SÖRÅKER,587,62.51978,17.5134,se,599131048906850303
564,SÖRÅKER,587,62.51978,17.5134,se,599131037095690239
565,SÖRÅKER,587,62.51978,17.5134,se,599131065012977663
566,SÖRÅKER,587,62.51978,17.5134,se,599131034948206591
567,SÖRÅKER,587,62.51978,17.5134,se,599131046759366655
568,SÖRÅKER,587,62.51978,17.5134,se,599131044611883007
569,SÖRÅKER,587,62.51978,17.5134,se,599131042464399359
150,TAALINTEHDAS,9112,60.017,22.50832,fi,599130296213831679
900,TAALINTEHDAS,9112,60.017,22.50832,fi,599130308024991743
901,TAALINTEHDAS,9112,60.017,22.50832,fi,599130310172475391
902,TAALINTEHDAS,9112,60.017,22.50832,fi,599130300508798975
903,TAALINTEHDAS,9112,60.017,22.50832,fi,599130280107704319
904,TAALINTEHDAS,9112,60.017,22.50832,fi,599130295140089855
905,TAALINTEHDAS,9112,60.017,22.50832,fi,599130298361315327
95,TALLIN,24325,59.42538,24.74848,ee,599130146963718143
570,TALLIN,24325,59.42538,24.74848,ee,599130195282100223
571,TALLIN,24325,59.42538,24.74848,ee,599130163069845503
572,TALLIN,24325,59.42538,24.74848,ee,599130193134616575
573,TALLIN,24325,59.42538,24.74848,ee,599130144816234495
574,TALLIN,24325,59.42538,24.74848,ee,599130142668750847
575,TALLIN,24325,59.42538,24.74848,ee,599130140521267199
96,TORNIO,43827439,65.7667,24.1448,fi,599132854940598271
576,TORNIO,43827439,65.7667,24.1448,fi,599132861383049215
577,TORNIO,43827439,65.7667,24.1448,fi,599132858161823743
578,TORNIO,43827439,65.7667,24.1448,fi,599132859235565567
579,TORNIO,43827439,65.7667,24.1448,fi,599132860309307391
580,TORNIO,43827439,65.7667,24.1448,fi,599132857088081919
581,TORNIO,43827439,65.7667,24.1448,fi,599132856014340095
97,TRELLEBORG,782598,55.36668574,13.167417,se,599524453952520191
582,TRELLEBORG,782598,55.36668574,13.167417,se,599524465763680255
583,TRELLEBORG,782598,55.36668574,13.167417,se,599524467911163903
584,TRELLEBORG,782598,55.36668574,13.167417,se,599524458247487487
585,TRELLEBORG,782598,55.36668574,13.167417,se,599524497975934975
586,TRELLEBORG,782598,55.36668574,13.167417,se,599524452878778367
587,TRELLEBORG,782598,55.36668574,13.167417,se,599524456100003839
98,TROLLHÄTTAN,8092,58.284213,12.28358237,se,599131864950636543
588,TROLLHÄTTAN,8092,58.284213,12.28358237,se,599131913269018623
589,TROLLHÄTTAN,8092,58.284213,12.28358237,se,599131881056763903
590,TROLLHÄTTAN,8092,58.284213,12.28358237,se,599131911121534975
591,TROLLHÄTTAN,8092,58.284213,12.28358237,se,599131862803152895
592,TROLLHÄTTAN,8092,58.284213,12.28358237,se,599131860655669247
593,TROLLHÄTTAN,8092,58.284213,12.28358237,se,599131858508185599
100,TURKU/ÅBO,847432,60.4517,22.253,fi,599130279033962495
600,TURKU/ÅBO,847432,60.4517,22.253,fi,599130290845122559
601,TURKU/ÅBO,847432,60.4517,22.253,fi,599130292992606207
602,TURKU/ÅBO,847432,60.4517,22.253,fi,599130283328929791
603,TURKU/ÅBO,847432,60.4517,22.253,fi,599130323057377279
604,TURKU/ÅBO,847432,60.4517,22.253,fi,599130277960220671
605,TURKU/ÅBO,847432,60.4517,22.253,fi,599130281181446143
101,UDDEVALLA,4215,58.3555,11.9334,se,599131895015407615
606,UDDEVALLA,4215,58.3555,11.9334,se,599131915416502271
607,UDDEVALLA,4215,58.3555,11.9334,se,599131862803152895
608,UDDEVALLA,4215,58.3555,11.9334,se,599131899310374911
609,UDDEVALLA,4215,58.3555,11.9334,se,599131892867923967
610,UDDEVALLA,4215,58.3555,11.9334,se,599131896089149439
611,UDDEVALLA,4215,58.3555,11.9334,se,599131911121534975
1,UST-LUGA,8214872,59.683,28.434,ru,599281185931132927
6,UST-LUGA,8214872,59.683,28.434,ru,599281192373583871
7,UST-LUGA,8214872,59.683,28.434,ru,599281189152358399
8,UST-LUGA,8214872,59.683,28.434,ru,599281190226100223
9,UST-LUGA,8214872,59.683,28.434,ru,599281191299842047
10,UST-LUGA,8214872,59.683,28.434,ru,599281188078616575
11,UST-LUGA,8214872,59.683,28.434,ru,599281187004874751
102,UUSIKAUPUNKI/NYSTAD,8928379,60.8021,21.4405,fi,599129265421680639
612,UUSIKAUPUNKI/NYSTAD,8928379,60.8021,21.4405,fi,599129267569164287
613,UUSIKAUPUNKI/NYSTAD,8928379,60.8021,21.4405,fi,599129279380324351
614,UUSIKAUPUNKI/NYSTAD,8928379,60.8021,21.4405,fi,599129269716647935
615,UUSIKAUPUNKI/NYSTAD,8928379,60.8021,21.4405,fi,599129249315553279
616,UUSIKAUPUNKI/NYSTAD,8928379,60.8021,21.4405,fi,599129264347938815
617,UUSIKAUPUNKI/NYSTAD,8928379,60.8021,21.4405,fi,599129277232840703
103,VAASA,1049,63.0832,21.616,fi,599128943299133439
618,VAASA,1049,63.0832,21.616,fi,599136138443096063
619,VAASA,1049,63.0832,21.616,fi,599128942225391615
620,VAASA,1049,63.0832,21.616,fi,599129190259752959
621,VAASA,1049,63.0832,21.616,fi,599136142738063359
622,VAASA,1049,63.0832,21.616,fi,599128939004166143
623,VAASA,1049,63.0832,21.616,fi,599128937930424319
104,VARBERG,743,57.1129,12.249,se,599526413531348991
624,VARBERG,743,57.1129,12.249,se,599526433932443647
625,VARBERG,743,57.1129,12.249,se,599526381319094271
626,VARBERG,743,57.1129,12.249,se,599526417826316287
627,VARBERG,743,57.1129,12.249,se,599526411383865343
628,VARBERG,743,57.1129,12.249,se,599526414605090815
629,VARBERG,743,57.1129,12.249,se,599526429637476351
105,VARGÖN,2993948,58.332,12.367,se,599131864950636543
630,VARGÖN,2993948,58.332,12.367,se,599131913269018623
631,VARGÖN,2993948,58.332,12.367,se,599131881056763903
632,VARGÖN,2993948,58.332,12.367,se,599131911121534975
633,VARGÖN,2993948,58.332,12.367,se,599131862803152895
634,VARGÖN,2993948,58.332,12.367,se,599131860655669247
635,VARGÖN,2993948,58.332,12.367,se,599131858508185599
106,VENTSPILS,7464,57.4783,21.51646,lv,599129610092806143
636,VENTSPILS,7464,57.4783,21.51646,lv,599531175576338431
637,VENTSPILS,7464,57.4783,21.51646,lv,599531159470211071
638,VENTSPILS,7464,57.4783,21.51646,lv,599129614387773439
639,VENTSPILS,7464,57.4783,21.51646,lv,599129607945322495
640,VENTSPILS,7464,57.4783,21.51646,lv,599531174502596607
641,VENTSPILS,7464,57.4783,21.51646,lv,599129611166547967
107,VISBY,88,57.6323,18.2823,se,599129840947298303
642,VISBY,88,57.6323,18.2823,se,599129843094781951
643,VISBY,88,57.6323,18.2823,se,599129442589081599
644,VISBY,88,57.6323,18.2823,se,599129845242265599
645,VISBY,88,57.6323,18.2823,se,599129687402217471
646,VISBY,88,57.6323,18.2823,se,599129440441597951
647,VISBY,88,57.6323,18.2823,se,599129839873556479
108,VYBORG,9327575,60.716442,28.783328,ru,599278127914418175
648,VYBORG,9327575,60.716442,28.783328,ru,599278134356869119
649,VYBORG,9327575,60.716442,28.783328,ru,599278128988159999
650,VYBORG,9327575,60.716442,28.783328,ru,599278132209385471
651,VYBORG,9327575,60.716442,28.783328,ru,599278133283127295
652,VYBORG,9327575,60.716442,28.783328,ru,599278130061901823
653,VYBORG,9327575,60.716442,28.783328,ru,599278131135643647
0,VYSOTSKI,14928,60.616,28.566,ru,599278134356869119
0,VYSOTSKI,14928,60.616,28.566,ru,599280184130011135
1,VYSOTSKI,14928,60.616,28.566,ru,599278150462996479
2,VYSOTSKI,14928,60.616,28.566,ru,599280181982527487
3,VYSOTSKI,14928,60.616,28.566,ru,599278132209385471
4,VYSOTSKI,14928,60.616,28.566,ru,599278130061901823
5,VYSOTSKI,14928,60.616,28.566,ru,599278127914418175
143,Varkaus,14173,62.3167,27.916724,fi,599280116484276223
858,Varkaus,14173,62.3167,27.916724,fi,599280117558018047
859,Varkaus,14173,62.3167,27.916724,fi,599280118631759871
860,Varkaus,14173,62.3167,27.916724,fi,599280088566988799
861,Varkaus,14173,62.3167,27.916724,fi,599280089640730623
862,Varkaus,14173,62.3167,27.916724,fi,599280104673116159
863,Varkaus,14173,62.3167,27.916724,fi,599280112189308927
109,VÄNERSBORG,71121,58.3834,12.3167,se,599131864950636543
654,VÄNERSBORG,71121,58.3834,12.3167,se,599131913269018623
655,VÄNERSBORG,71121,58.3834,12.3167,se,599131881056763903
656,VÄNERSBORG,71121,58.3834,12.3167,se,599131911121534975
657,VÄNERSBORG,71121,58.3834,12.3167,se,599131862803152895
658,VÄNERSBORG,71121,58.3834,12.3167,se,599131860655669247
659,VÄNERSBORG,71121,58.3834,12.3167,se,599131858508185599
110,VÄSTERVIK,352995,57.7532,16.583,se,599129716393246719
660,VÄSTERVIK,352995,57.7532,16.583,se,599129695992152063
661,VÄSTERVIK,352995,57.7532,16.583,se,599129715319504895
662,VÄSTERVIK,352995,57.7532,16.583,se,599131750060261375
663,VÄSTERVIK,352995,57.7532,16.583,se,599129700287119359
664,VÄSTERVIK,352995,57.7532,16.583,se,599129712098279423
665,VÄSTERVIK,352995,57.7532,16.583,se,599129711024537599
111,VÄSTERÅS,90433,59.63,16.552,se,599128737140703231
666,VÄSTERÅS,90433,59.63,16.552,se,599128579300655103
667,VÄSTERÅS,90433,59.63,16.552,se,599128736066961407
668,VÄSTERÅS,90433,59.63,16.552,se,599131664160915455
669,VÄSTERÅS,90433,59.63,16.552,se,599128583595622399
670,VÄSTERÅS,90433,59.63,16.552,se,599128732845735935
671,VÄSTERÅS,90433,59.63,16.552,se,599128731771994111
133,WALLHAMN,421815,58.017,11.79573,se,599131916490244095
798,WALLHAMN,421815,58.017,11.79573,se,599526687335514111
799,WALLHAMN,421815,58.017,11.79573,se,599526699146674175
800,WALLHAMN,421815,58.017,11.79573,se,599526691630481407
801,WALLHAMN,421815,58.017,11.79573,se,599131914342760447
802,WALLHAMN,421815,58.017,11.79573,se,599131912195276799
803,WALLHAMN,421815,58.017,11.79573,se,599131910047793151
112,YSTAD,130593,55.4333243,13.83,se,599527049186508799
672,YSTAD,130593,55.4333243,13.83,se,599527016974254079
673,YSTAD,130593,55.4333243,13.83,se,599527050260250623
674,YSTAD,130593,55.4333243,13.83,se,599527053481476095
675,YSTAD,130593,55.4333243,13.83,se,599527047039025151
676,YSTAD,130593,55.4333243,13.83,se,599524466837422079
677,YSTAD,130593,55.4333243,13.83,se,599524462542454783
113,ÅHUS,89412,55.93332,14.316325,se,599527034154123263
678,ÅHUS,89412,55.93332,14.316325,se,599527035227865087
679,ÅHUS,89412,55.93332,14.316325,se,599527036301606911
680,ÅHUS,89412,55.93332,14.316325,se,599527281114742783
681,ÅHUS,89412,55.93332,14.316325,se,599527282188484607
682,ÅHUS,89412,55.93332,14.316325,se,599527297220870143
683,ÅHUS,89412,55.93332,14.316325,se,599527029859155967
114,ÅMÅL,93251,59.05241,12.716421,se,599131984135979007
684,ÅMÅL,93251,59.05241,12.716421,se,599131963734884351
685,ÅMÅL,93251,59.05241,12.716421,se,599131983062237183
686,ÅMÅL,93251,59.05241,12.716421,se,599147761698340863
687,ÅMÅL,93251,59.05241,12.716421,se,599131968029851647
688,ÅMÅL,93251,59.05241,12.716421,se,599131979841011711
689,ÅMÅL,93251,59.05241,12.716421,se,599131978767269887
115,ÖREGRUND,4210,60.33421,18.45953,se,599128286169137151
690,ÖREGRUND,4210,60.33421,18.45953,se,599128297980297215
691,ÖREGRUND,4210,60.33421,18.45953,se,599128300127780863
692,ÖREGRUND,4210,60.33421,18.45953,se,599128290464104447
693,ÖREGRUND,4210,60.33421,18.45953,se,599128330192551935
694,ÖREGRUND,4210,60.33421,18.45953,se,599128285095395327
695,ÖREGRUND,4210,60.33421,18.45953,se,599128288316620799
116,ÖRNSKÖLDSVIK,939929,63.283,18.716,se,599131131584970751
696,ÖRNSKÖLDSVIK,939929,63.283,18.716,se,599136450901966847
697,ÖRNSKÖLDSVIK,939929,63.283,18.716,se,599136434795839487
698,ÖRNSKÖLDSVIK,939929,63.283,18.716,se,599131128363745279
699,ÖRNSKÖLDSVIK,939929,63.283,18.716,se,599131129437487103
700,ÖRNSKÖLDSVIK,939929,63.283,18.716,se,599136449828225023
701,ÖRNSKÖLDSVIK,939929,63.283,18.716,se,599131130511228927
